inputFolder,inputFilename,outputThisCellIndex,cellID,MitosisLabel,MitoticHandoff,save_flat_reg_path,save_flat_proj_reg_path,save_h5_reg_path,png_file_size,targetNumeric
//allen/aics/assay-dev/MicroscopyData/Caroline/2016/20161209,20161209_C01_002.czi,3,AICS-14_152_3,0.0,Release,/root/aics/modeling/gregj/results/ipp/ipp_17_12_03/20161209_C01_002.czi_b9785c69a6061399da6f86b46/20161209_C01_002.czi_3.0_flat.png,20161209_C01_002.czi_b9785c69a6061399da6f86b46/20161209_C01_002.czi_3.0_flat_proj.png,20161209_C01_002.czi_b9785c69a6061399da6f86b46/20161209_C01_002.czi_3.0.h5,15212.0,0
//allen/aics/assay-dev/MicroscopyData/Caroline/2016/20161209,20161209_C01_002.czi,4,AICS-14_152_4,0.0,Release,/root/aics/modeling/gregj/results/ipp/ipp_17_12_03/20161209_C01_002.czi_b9785c69a6061399da6f86b46/20161209_C01_002.czi_4.0_flat.png,20161209_C01_002.czi_b9785c69a6061399da6f86b46/20161209_C01_002.czi_4.0_flat_proj.png,20161209_C01_002.czi_b9785c69a6061399da6f86b46/20161209_C01_002.czi_4.0.h5,15516.0,0
//allen/aics/assay-dev/MicroscopyData/Caroline/2016/20161209,20161209_C01_002.czi,5,AICS-14_152_5,0.0,Release,/root/aics/modeling/gregj/results/ipp/ipp_17_12_03/20161209_C01_002.czi_b9785c69a6061399da6f86b46/20161209_C01_002.czi_5.0_flat.png,20161209_C01_002.czi_b9785c69a6061399da6f86b46/20161209_C01_002.czi_5.0_flat_proj.png,20161209_C01_002.czi_b9785c69a6061399da6f86b46/20161209_C01_002.czi_5.0.h5,19005.0,0
//allen/aics/assay-dev/MicroscopyData/Caroline/2016/20161209,20161209_C01_002.czi,7,AICS-14_152_7,0.0,Release,/root/aics/modeling/gregj/results/ipp/ipp_17_12_03/20161209_C01_002.czi_b9785c69a6061399da6f86b46/20161209_C01_002.czi_7.0_flat.png,20161209_C01_002.czi_b9785c69a6061399da6f86b46/20161209_C01_002.czi_7.0_flat_proj.png,20161209_C01_002.czi_b9785c69a6061399da6f86b46/20161209_C01_002.czi_7.0.h5,21246.0,0
//allen/aics/assay-dev/MicroscopyData/Caroline/2016/20161209,20161209_C01_003.czi,1,AICS-14_153_1,0.0,Release,/root/aics/modeling/gregj/results/ipp/ipp_17_12_03/20161209_C01_003.czi_5b81269f2599c8813e1d00455/20161209_C01_003.czi_1.0_flat.png,20161209_C01_003.czi_5b81269f2599c8813e1d00455/20161209_C01_003.czi_1.0_flat_proj.png,20161209_C01_003.czi_5b81269f2599c8813e1d00455/20161209_C01_003.czi_1.0.h5,19099.0,0
//allen/aics/assay-dev/MicroscopyData/Caroline/2016/20161209,20161209_C01_003.czi,2,AICS-14_153_2,0.0,Release,/root/aics/modeling/gregj/results/ipp/ipp_17_12_03/20161209_C01_003.czi_5b81269f2599c8813e1d00455/20161209_C01_003.czi_2.0_flat.png,20161209_C01_003.czi_5b81269f2599c8813e1d00455/20161209_C01_003.czi_2.0_flat_proj.png,20161209_C01_003.czi_5b81269f2599c8813e1d00455/20161209_C01_003.czi_2.0.h5,12876.0,0
//allen/aics/assay-dev/MicroscopyData/Caroline/2016/20161209,20161209_C01_004.czi,1,AICS-14_154_1,0.0,Release,/root/aics/modeling/gregj/results/ipp/ipp_17_12_03/20161209_C01_004.czi_b731e304cf2444ae3377f2d83/20161209_C01_004.czi_1.0_flat.png,20161209_C01_004.czi_b731e304cf2444ae3377f2d83/20161209_C01_004.czi_1.0_flat_proj.png,20161209_C01_004.czi_b731e304cf2444ae3377f2d83/20161209_C01_004.czi_1.0.h5,14160.0,0
//allen/aics/assay-dev/MicroscopyData/Caroline/2016/20161209,20161209_C01_004.czi,4,AICS-14_154_4,0.0,Release,/root/aics/modeling/gregj/results/ipp/ipp_17_12_03/20161209_C01_004.czi_b731e304cf2444ae3377f2d83/20161209_C01_004.czi_4.0_flat.png,20161209_C01_004.czi_b731e304cf2444ae3377f2d83/20161209_C01_004.czi_4.0_flat_proj.png,20161209_C01_004.czi_b731e304cf2444ae3377f2d83/20161209_C01_004.czi_4.0.h5,18158.0,0
//allen/aics/assay-dev/MicroscopyData/Caroline/2016/20161209,20161209_C01_004.czi,5,AICS-14_154_5,0.0,Release,/root/aics/modeling/gregj/results/ipp/ipp_17_12_03/20161209_C01_004.czi_b731e304cf2444ae3377f2d83/20161209_C01_004.czi_5.0_flat.png,20161209_C01_004.czi_b731e304cf2444ae3377f2d83/20161209_C01_004.czi_5.0_flat_proj.png,20161209_C01_004.czi_b731e304cf2444ae3377f2d83/20161209_C01_004.czi_5.0.h5,19436.0,0
//allen/aics/assay-dev/MicroscopyData/Caroline/2016/20161209,20161209_C01_004.czi,12,AICS-14_154_12,6.0,Release,/root/aics/modeling/gregj/results/ipp/ipp_17_12_03/20161209_C01_004.czi_b731e304cf2444ae3377f2d83/20161209_C01_004.czi_12.0_flat.png,20161209_C01_004.czi_b731e304cf2444ae3377f2d83/20161209_C01_004.czi_12.0_flat_proj.png,20161209_C01_004.czi_b731e304cf2444ae3377f2d83/20161209_C01_004.czi_12.0.h5,18816.0,6
//allen/aics/assay-dev/MicroscopyData/Caroline/2016/20161209,20161209_C01_004.czi,14,AICS-14_154_14,7.0,Release,/root/aics/modeling/gregj/results/ipp/ipp_17_12_03/20161209_C01_004.czi_b731e304cf2444ae3377f2d83/20161209_C01_004.czi_14.0_flat.png,20161209_C01_004.czi_b731e304cf2444ae3377f2d83/20161209_C01_004.czi_14.0_flat_proj.png,20161209_C01_004.czi_b731e304cf2444ae3377f2d83/20161209_C01_004.czi_14.0.h5,12551.0,7
//allen/aics/assay-dev/MicroscopyData/Caroline/2016/20161209,20161209_C01_005.czi,2,AICS-14_155_2,0.0,Release,/root/aics/modeling/gregj/results/ipp/ipp_17_12_03/20161209_C01_005.czi_3082d937e4717ecef8f12359d/20161209_C01_005.czi_2.0_flat.png,20161209_C01_005.czi_3082d937e4717ecef8f12359d/20161209_C01_005.czi_2.0_flat_proj.png,20161209_C01_005.czi_3082d937e4717ecef8f12359d/20161209_C01_005.czi_2.0.h5,15904.0,0
//allen/aics/assay-dev/MicroscopyData/Caroline/2016/20161209,20161209_C01_005.czi,3,AICS-14_155_3,0.0,Release,/root/aics/modeling/gregj/results/ipp/ipp_17_12_03/20161209_C01_005.czi_3082d937e4717ecef8f12359d/20161209_C01_005.czi_3.0_flat.png,20161209_C01_005.czi_3082d937e4717ecef8f12359d/20161209_C01_005.czi_3.0_flat_proj.png,20161209_C01_005.czi_3082d937e4717ecef8f12359d/20161209_C01_005.czi_3.0.h5,17201.0,0
//allen/aics/assay-dev/MicroscopyData/Caroline/2016/20161209,20161209_C01_005.czi,5,AICS-14_155_5,0.0,Release,/root/aics/modeling/gregj/results/ipp/ipp_17_12_03/20161209_C01_005.czi_3082d937e4717ecef8f12359d/20161209_C01_005.czi_5.0_flat.png,20161209_C01_005.czi_3082d937e4717ecef8f12359d/20161209_C01_005.czi_5.0_flat_proj.png,20161209_C01_005.czi_3082d937e4717ecef8f12359d/20161209_C01_005.czi_5.0.h5,18633.0,0
//allen/aics/assay-dev/MicroscopyData/Caroline/2016/20161209,20161209_C01_005.czi,7,AICS-14_155_7,0.0,Release,/root/aics/modeling/gregj/results/ipp/ipp_17_12_03/20161209_C01_005.czi_3082d937e4717ecef8f12359d/20161209_C01_005.czi_7.0_flat.png,20161209_C01_005.czi_3082d937e4717ecef8f12359d/20161209_C01_005.czi_7.0_flat_proj.png,20161209_C01_005.czi_3082d937e4717ecef8f12359d/20161209_C01_005.czi_7.0.h5,15224.0,0
//allen/aics/assay-dev/MicroscopyData/Caroline/2016/20161209,20161209_C01_006.czi,2,AICS-14_156_2,0.0,Release,/root/aics/modeling/gregj/results/ipp/ipp_17_12_03/20161209_C01_006.czi_b41277b21ed1b66ccb5d83c8b/20161209_C01_006.czi_2.0_flat.png,20161209_C01_006.czi_b41277b21ed1b66ccb5d83c8b/20161209_C01_006.czi_2.0_flat_proj.png,20161209_C01_006.czi_b41277b21ed1b66ccb5d83c8b/20161209_C01_006.czi_2.0.h5,13186.0,0
//allen/aics/assay-dev/MicroscopyData/Caroline/2016/20161209,20161209_C01_006.czi,7,AICS-14_156_7,0.0,Release,/root/aics/modeling/gregj/results/ipp/ipp_17_12_03/20161209_C01_006.czi_b41277b21ed1b66ccb5d83c8b/20161209_C01_006.czi_7.0_flat.png,20161209_C01_006.czi_b41277b21ed1b66ccb5d83c8b/20161209_C01_006.czi_7.0_flat_proj.png,20161209_C01_006.czi_b41277b21ed1b66ccb5d83c8b/20161209_C01_006.czi_7.0.h5,20239.0,0
//allen/aics/assay-dev/MicroscopyData/Caroline/2016/20161209,20161209_C01_006.czi,9,AICS-14_156_9,0.0,Release,/root/aics/modeling/gregj/results/ipp/ipp_17_12_03/20161209_C01_006.czi_b41277b21ed1b66ccb5d83c8b/20161209_C01_006.czi_9.0_flat.png,20161209_C01_006.czi_b41277b21ed1b66ccb5d83c8b/20161209_C01_006.czi_9.0_flat_proj.png,20161209_C01_006.czi_b41277b21ed1b66ccb5d83c8b/20161209_C01_006.czi_9.0.h5,11524.0,0
//allen/aics/assay-dev/MicroscopyData/Caroline/2016/20161209,20161209_C01_007.czi,2,AICS-14_157_2,0.0,Release,/root/aics/modeling/gregj/results/ipp/ipp_17_12_03/20161209_C01_007.czi_7b7b60e3c6d4a9c736d387174/20161209_C01_007.czi_2.0_flat.png,20161209_C01_007.czi_7b7b60e3c6d4a9c736d387174/20161209_C01_007.czi_2.0_flat_proj.png,20161209_C01_007.czi_7b7b60e3c6d4a9c736d387174/20161209_C01_007.czi_2.0.h5,14959.0,0
//allen/aics/assay-dev/MicroscopyData/Caroline/2016/20161209,20161209_C01_007.czi,4,AICS-14_157_4,0.0,Release,/root/aics/modeling/gregj/results/ipp/ipp_17_12_03/20161209_C01_007.czi_7b7b60e3c6d4a9c736d387174/20161209_C01_007.czi_4.0_flat.png,20161209_C01_007.czi_7b7b60e3c6d4a9c736d387174/20161209_C01_007.czi_4.0_flat_proj.png,20161209_C01_007.czi_7b7b60e3c6d4a9c736d387174/20161209_C01_007.czi_4.0.h5,17843.0,0
//allen/aics/assay-dev/MicroscopyData/Caroline/2016/20161209,20161209_C01_008.czi,1,AICS-14_158_1,0.0,Release,/root/aics/modeling/gregj/results/ipp/ipp_17_12_03/20161209_C01_008.czi_44386c656a6b4c5f44c90956c/20161209_C01_008.czi_1.0_flat.png,20161209_C01_008.czi_44386c656a6b4c5f44c90956c/20161209_C01_008.czi_1.0_flat_proj.png,20161209_C01_008.czi_44386c656a6b4c5f44c90956c/20161209_C01_008.czi_1.0.h5,19283.0,0
//allen/aics/assay-dev/MicroscopyData/Caroline/2016/20161209,20161209_C01_008.czi,2,AICS-14_158_2,0.0,Release,/root/aics/modeling/gregj/results/ipp/ipp_17_12_03/20161209_C01_008.czi_44386c656a6b4c5f44c90956c/20161209_C01_008.czi_2.0_flat.png,20161209_C01_008.czi_44386c656a6b4c5f44c90956c/20161209_C01_008.czi_2.0_flat_proj.png,20161209_C01_008.czi_44386c656a6b4c5f44c90956c/20161209_C01_008.czi_2.0.h5,16444.0,0
//allen/aics/assay-dev/MicroscopyData/Caroline/2016/20161209,20161209_C01_008.czi,4,AICS-14_158_4,0.0,Release,/root/aics/modeling/gregj/results/ipp/ipp_17_12_03/20161209_C01_008.czi_44386c656a6b4c5f44c90956c/20161209_C01_008.czi_4.0_flat.png,20161209_C01_008.czi_44386c656a6b4c5f44c90956c/20161209_C01_008.czi_4.0_flat_proj.png,20161209_C01_008.czi_44386c656a6b4c5f44c90956c/20161209_C01_008.czi_4.0.h5,17052.0,0
//allen/aics/assay-dev/MicroscopyData/Caroline/2016/20161209,20161209_C01_008.czi,5,AICS-14_158_5,0.0,Release,/root/aics/modeling/gregj/results/ipp/ipp_17_12_03/20161209_C01_008.czi_44386c656a6b4c5f44c90956c/20161209_C01_008.czi_5.0_flat.png,20161209_C01_008.czi_44386c656a6b4c5f44c90956c/20161209_C01_008.czi_5.0_flat_proj.png,20161209_C01_008.czi_44386c656a6b4c5f44c90956c/20161209_C01_008.czi_5.0.h5,20145.0,0
//allen/aics/assay-dev/MicroscopyData/Caroline/2016/20161209,20161209_C01_008.czi,6,AICS-14_158_6,0.0,Release,/root/aics/modeling/gregj/results/ipp/ipp_17_12_03/20161209_C01_008.czi_44386c656a6b4c5f44c90956c/20161209_C01_008.czi_6.0_flat.png,20161209_C01_008.czi_44386c656a6b4c5f44c90956c/20161209_C01_008.czi_6.0_flat_proj.png,20161209_C01_008.czi_44386c656a6b4c5f44c90956c/20161209_C01_008.czi_6.0.h5,19070.0,0
//allen/aics/assay-dev/MicroscopyData/Caroline/2016/20161209,20161209_C01_008.czi,7,AICS-14_158_7,0.0,Release,/root/aics/modeling/gregj/results/ipp/ipp_17_12_03/20161209_C01_008.czi_44386c656a6b4c5f44c90956c/20161209_C01_008.czi_7.0_flat.png,20161209_C01_008.czi_44386c656a6b4c5f44c90956c/20161209_C01_008.czi_7.0_flat_proj.png,20161209_C01_008.czi_44386c656a6b4c5f44c90956c/20161209_C01_008.czi_7.0.h5,21400.0,0
//allen/aics/assay-dev/MicroscopyData/Caroline/2016/20161209,20161209_C01_008.czi,8,AICS-14_158_8,0.0,Release,/root/aics/modeling/gregj/results/ipp/ipp_17_12_03/20161209_C01_008.czi_44386c656a6b4c5f44c90956c/20161209_C01_008.czi_8.0_flat.png,20161209_C01_008.czi_44386c656a6b4c5f44c90956c/20161209_C01_008.czi_8.0_flat_proj.png,20161209_C01_008.czi_44386c656a6b4c5f44c90956c/20161209_C01_008.czi_8.0.h5,20209.0,0
//allen/aics/assay-dev/MicroscopyData/Caroline/2016/20161209,20161209_C01_008.czi,9,AICS-14_158_9,1.0,Release,/root/aics/modeling/gregj/results/ipp/ipp_17_12_03/20161209_C01_008.czi_44386c656a6b4c5f44c90956c/20161209_C01_008.czi_9.0_flat.png,20161209_C01_008.czi_44386c656a6b4c5f44c90956c/20161209_C01_008.czi_9.0_flat_proj.png,20161209_C01_008.czi_44386c656a6b4c5f44c90956c/20161209_C01_008.czi_9.0.h5,21312.0,1
//allen/aics/assay-dev/MicroscopyData/Caroline/2016/20161209,20161209_C01_009.czi,1,AICS-14_159_1,0.0,Release,/root/aics/modeling/gregj/results/ipp/ipp_17_12_03/20161209_C01_009.czi_1843309a0bdab69fdf90768d8/20161209_C01_009.czi_1.0_flat.png,20161209_C01_009.czi_1843309a0bdab69fdf90768d8/20161209_C01_009.czi_1.0_flat_proj.png,20161209_C01_009.czi_1843309a0bdab69fdf90768d8/20161209_C01_009.czi_1.0.h5,15153.0,0
//allen/aics/assay-dev/MicroscopyData/Caroline/2016/20161209,20161209_C01_009.czi,2,AICS-14_159_2,0.0,Release,/root/aics/modeling/gregj/results/ipp/ipp_17_12_03/20161209_C01_009.czi_1843309a0bdab69fdf90768d8/20161209_C01_009.czi_2.0_flat.png,20161209_C01_009.czi_1843309a0bdab69fdf90768d8/20161209_C01_009.czi_2.0_flat_proj.png,20161209_C01_009.czi_1843309a0bdab69fdf90768d8/20161209_C01_009.czi_2.0.h5,15610.0,0
//allen/aics/assay-dev/MicroscopyData/Caroline/2016/20161209,20161209_C01_009.czi,3,AICS-14_159_3,0.0,Release,/root/aics/modeling/gregj/results/ipp/ipp_17_12_03/20161209_C01_009.czi_1843309a0bdab69fdf90768d8/20161209_C01_009.czi_3.0_flat.png,20161209_C01_009.czi_1843309a0bdab69fdf90768d8/20161209_C01_009.czi_3.0_flat_proj.png,20161209_C01_009.czi_1843309a0bdab69fdf90768d8/20161209_C01_009.czi_3.0.h5,16331.0,0
//allen/aics/assay-dev/MicroscopyData/Caroline/2016/20161209,20161209_C01_009.czi,4,AICS-14_159_4,0.0,Release,/root/aics/modeling/gregj/results/ipp/ipp_17_12_03/20161209_C01_009.czi_1843309a0bdab69fdf90768d8/20161209_C01_009.czi_4.0_flat.png,20161209_C01_009.czi_1843309a0bdab69fdf90768d8/20161209_C01_009.czi_4.0_flat_proj.png,20161209_C01_009.czi_1843309a0bdab69fdf90768d8/20161209_C01_009.czi_4.0.h5,18005.0,0
//allen/aics/assay-dev/MicroscopyData/Caroline/2016/20161209,20161209_C01_009.czi,5,AICS-14_159_5,0.0,Release,/root/aics/modeling/gregj/results/ipp/ipp_17_12_03/20161209_C01_009.czi_1843309a0bdab69fdf90768d8/20161209_C01_009.czi_5.0_flat.png,20161209_C01_009.czi_1843309a0bdab69fdf90768d8/20161209_C01_009.czi_5.0_flat_proj.png,20161209_C01_009.czi_1843309a0bdab69fdf90768d8/20161209_C01_009.czi_5.0.h5,21875.0,0
//allen/aics/assay-dev/MicroscopyData/Caroline/2016/20161209,20161209_C01_009.czi,6,AICS-14_159_6,0.0,Release,/root/aics/modeling/gregj/results/ipp/ipp_17_12_03/20161209_C01_009.czi_1843309a0bdab69fdf90768d8/20161209_C01_009.czi_6.0_flat.png,20161209_C01_009.czi_1843309a0bdab69fdf90768d8/20161209_C01_009.czi_6.0_flat_proj.png,20161209_C01_009.czi_1843309a0bdab69fdf90768d8/20161209_C01_009.czi_6.0.h5,14233.0,0
//allen/aics/assay-dev/MicroscopyData/Caroline/2016/20161209,20161209_C01_009.czi,9,AICS-14_159_9,0.0,Release,/root/aics/modeling/gregj/results/ipp/ipp_17_12_03/20161209_C01_009.czi_1843309a0bdab69fdf90768d8/20161209_C01_009.czi_9.0_flat.png,20161209_C01_009.czi_1843309a0bdab69fdf90768d8/20161209_C01_009.czi_9.0_flat_proj.png,20161209_C01_009.czi_1843309a0bdab69fdf90768d8/20161209_C01_009.czi_9.0.h5,22007.0,0
//allen/aics/assay-dev/MicroscopyData/Caroline/2016/20161209,20161209_C01_009.czi,10,AICS-14_159_10,0.0,Release,/root/aics/modeling/gregj/results/ipp/ipp_17_12_03/20161209_C01_009.czi_1843309a0bdab69fdf90768d8/20161209_C01_009.czi_10.0_flat.png,20161209_C01_009.czi_1843309a0bdab69fdf90768d8/20161209_C01_009.czi_10.0_flat_proj.png,20161209_C01_009.czi_1843309a0bdab69fdf90768d8/20161209_C01_009.czi_10.0.h5,17773.0,0
//allen/aics/assay-dev/MicroscopyData/Caroline/2016/20161209,20161209_C01_010.czi,1,AICS-14_160_1,0.0,Release,/root/aics/modeling/gregj/results/ipp/ipp_17_12_03/20161209_C01_010.czi_ae31e5e21b7bd09168a049cdf/20161209_C01_010.czi_1.0_flat.png,20161209_C01_010.czi_ae31e5e21b7bd09168a049cdf/20161209_C01_010.czi_1.0_flat_proj.png,20161209_C01_010.czi_ae31e5e21b7bd09168a049cdf/20161209_C01_010.czi_1.0.h5,16823.0,0
//allen/aics/assay-dev/MicroscopyData/Caroline/2016/20161209,20161209_C01_010.czi,2,AICS-14_160_2,0.0,Release,/root/aics/modeling/gregj/results/ipp/ipp_17_12_03/20161209_C01_010.czi_ae31e5e21b7bd09168a049cdf/20161209_C01_010.czi_2.0_flat.png,20161209_C01_010.czi_ae31e5e21b7bd09168a049cdf/20161209_C01_010.czi_2.0_flat_proj.png,20161209_C01_010.czi_ae31e5e21b7bd09168a049cdf/20161209_C01_010.czi_2.0.h5,14848.0,0
//allen/aics/assay-dev/MicroscopyData/Caroline/2016/20161209,20161209_C01_010.czi,3,AICS-14_160_3,0.0,Release,/root/aics/modeling/gregj/results/ipp/ipp_17_12_03/20161209_C01_010.czi_ae31e5e21b7bd09168a049cdf/20161209_C01_010.czi_3.0_flat.png,20161209_C01_010.czi_ae31e5e21b7bd09168a049cdf/20161209_C01_010.czi_3.0_flat_proj.png,20161209_C01_010.czi_ae31e5e21b7bd09168a049cdf/20161209_C01_010.czi_3.0.h5,17870.0,0
//allen/aics/assay-dev/MicroscopyData/Caroline/2016/20161209,20161209_C01_010.czi,4,AICS-14_160_4,0.0,Release,/root/aics/modeling/gregj/results/ipp/ipp_17_12_03/20161209_C01_010.czi_ae31e5e21b7bd09168a049cdf/20161209_C01_010.czi_4.0_flat.png,20161209_C01_010.czi_ae31e5e21b7bd09168a049cdf/20161209_C01_010.czi_4.0_flat_proj.png,20161209_C01_010.czi_ae31e5e21b7bd09168a049cdf/20161209_C01_010.czi_4.0.h5,15628.0,0
//allen/aics/assay-dev/MicroscopyData/Caroline/2016/20161209,20161209_C01_010.czi,5,AICS-14_160_5,0.0,Release,/root/aics/modeling/gregj/results/ipp/ipp_17_12_03/20161209_C01_010.czi_ae31e5e21b7bd09168a049cdf/20161209_C01_010.czi_5.0_flat.png,20161209_C01_010.czi_ae31e5e21b7bd09168a049cdf/20161209_C01_010.czi_5.0_flat_proj.png,20161209_C01_010.czi_ae31e5e21b7bd09168a049cdf/20161209_C01_010.czi_5.0.h5,14853.0,0
//allen/aics/assay-dev/MicroscopyData/Caroline/2016/20161209,20161209_C01_010.czi,9,AICS-14_160_9,0.0,Release,/root/aics/modeling/gregj/results/ipp/ipp_17_12_03/20161209_C01_010.czi_ae31e5e21b7bd09168a049cdf/20161209_C01_010.czi_9.0_flat.png,20161209_C01_010.czi_ae31e5e21b7bd09168a049cdf/20161209_C01_010.czi_9.0_flat_proj.png,20161209_C01_010.czi_ae31e5e21b7bd09168a049cdf/20161209_C01_010.czi_9.0.h5,16895.0,0
//allen/aics/assay-dev/MicroscopyData/Caroline/2016/20161209,20161209_C01_011.czi,2,AICS-14_161_2,0.0,Release,/root/aics/modeling/gregj/results/ipp/ipp_17_12_03/20161209_C01_011.czi_26a3a4aa823af73dea8f16119/20161209_C01_011.czi_2.0_flat.png,20161209_C01_011.czi_26a3a4aa823af73dea8f16119/20161209_C01_011.czi_2.0_flat_proj.png,20161209_C01_011.czi_26a3a4aa823af73dea8f16119/20161209_C01_011.czi_2.0.h5,15895.0,0
//allen/aics/assay-dev/MicroscopyData/Caroline/2016/20161209,20161209_C01_011.czi,4,AICS-14_161_4,0.0,Release,/root/aics/modeling/gregj/results/ipp/ipp_17_12_03/20161209_C01_011.czi_26a3a4aa823af73dea8f16119/20161209_C01_011.czi_4.0_flat.png,20161209_C01_011.czi_26a3a4aa823af73dea8f16119/20161209_C01_011.czi_4.0_flat_proj.png,20161209_C01_011.czi_26a3a4aa823af73dea8f16119/20161209_C01_011.czi_4.0.h5,18765.0,0
//allen/aics/assay-dev/MicroscopyData/Caroline/2016/20161209,20161209_C01_011.czi,6,AICS-14_161_6,0.0,Release,/root/aics/modeling/gregj/results/ipp/ipp_17_12_03/20161209_C01_011.czi_26a3a4aa823af73dea8f16119/20161209_C01_011.czi_6.0_flat.png,20161209_C01_011.czi_26a3a4aa823af73dea8f16119/20161209_C01_011.czi_6.0_flat_proj.png,20161209_C01_011.czi_26a3a4aa823af73dea8f16119/20161209_C01_011.czi_6.0.h5,14268.0,0
//allen/aics/assay-dev/MicroscopyData/Caroline/2016/20161209,20161209_C01_011.czi,7,AICS-14_161_7,0.0,Release,/root/aics/modeling/gregj/results/ipp/ipp_17_12_03/20161209_C01_011.czi_26a3a4aa823af73dea8f16119/20161209_C01_011.czi_7.0_flat.png,20161209_C01_011.czi_26a3a4aa823af73dea8f16119/20161209_C01_011.czi_7.0_flat_proj.png,20161209_C01_011.czi_26a3a4aa823af73dea8f16119/20161209_C01_011.czi_7.0.h5,14227.0,0
//allen/aics/assay-dev/MicroscopyData/Caroline/2016/20161209,20161209_C01_012.czi,1,AICS-14_162_1,0.0,Release,/root/aics/modeling/gregj/results/ipp/ipp_17_12_03/20161209_C01_012.czi_542c0985c7978864e3fe269a5/20161209_C01_012.czi_1.0_flat.png,20161209_C01_012.czi_542c0985c7978864e3fe269a5/20161209_C01_012.czi_1.0_flat_proj.png,20161209_C01_012.czi_542c0985c7978864e3fe269a5/20161209_C01_012.czi_1.0.h5,17378.0,0
//allen/aics/assay-dev/MicroscopyData/Caroline/2016/20161209,20161209_C01_012.czi,3,AICS-14_162_3,0.0,Release,/root/aics/modeling/gregj/results/ipp/ipp_17_12_03/20161209_C01_012.czi_542c0985c7978864e3fe269a5/20161209_C01_012.czi_3.0_flat.png,20161209_C01_012.czi_542c0985c7978864e3fe269a5/20161209_C01_012.czi_3.0_flat_proj.png,20161209_C01_012.czi_542c0985c7978864e3fe269a5/20161209_C01_012.czi_3.0.h5,17124.0,0
//allen/aics/assay-dev/MicroscopyData/Caroline/2016/20161209,20161209_C01_012.czi,4,AICS-14_162_4,0.0,Release,/root/aics/modeling/gregj/results/ipp/ipp_17_12_03/20161209_C01_012.czi_542c0985c7978864e3fe269a5/20161209_C01_012.czi_4.0_flat.png,20161209_C01_012.czi_542c0985c7978864e3fe269a5/20161209_C01_012.czi_4.0_flat_proj.png,20161209_C01_012.czi_542c0985c7978864e3fe269a5/20161209_C01_012.czi_4.0.h5,15365.0,0
//allen/aics/assay-dev/MicroscopyData/Caroline/2016/20161209,20161209_C01_012.czi,5,AICS-14_162_5,0.0,Release,/root/aics/modeling/gregj/results/ipp/ipp_17_12_03/20161209_C01_012.czi_542c0985c7978864e3fe269a5/20161209_C01_012.czi_5.0_flat.png,20161209_C01_012.czi_542c0985c7978864e3fe269a5/20161209_C01_012.czi_5.0_flat_proj.png,20161209_C01_012.czi_542c0985c7978864e3fe269a5/20161209_C01_012.czi_5.0.h5,16124.0,0
//allen/aics/assay-dev/MicroscopyData/Caroline/2016/20161209,20161209_C01_012.czi,6,AICS-14_162_6,0.0,Release,/root/aics/modeling/gregj/results/ipp/ipp_17_12_03/20161209_C01_012.czi_542c0985c7978864e3fe269a5/20161209_C01_012.czi_6.0_flat.png,20161209_C01_012.czi_542c0985c7978864e3fe269a5/20161209_C01_012.czi_6.0_flat_proj.png,20161209_C01_012.czi_542c0985c7978864e3fe269a5/20161209_C01_012.czi_6.0.h5,21250.0,0
//allen/aics/assay-dev/MicroscopyData/Caroline/2016/20161209,20161209_C01_012.czi,7,AICS-14_162_7,0.0,Release,/root/aics/modeling/gregj/results/ipp/ipp_17_12_03/20161209_C01_012.czi_542c0985c7978864e3fe269a5/20161209_C01_012.czi_7.0_flat.png,20161209_C01_012.czi_542c0985c7978864e3fe269a5/20161209_C01_012.czi_7.0_flat_proj.png,20161209_C01_012.czi_542c0985c7978864e3fe269a5/20161209_C01_012.czi_7.0.h5,17129.0,0
//allen/aics/assay-dev/MicroscopyData/Caroline/2016/20161209,20161209_C01_012.czi,8,AICS-14_162_8,0.0,Release,/root/aics/modeling/gregj/results/ipp/ipp_17_12_03/20161209_C01_012.czi_542c0985c7978864e3fe269a5/20161209_C01_012.czi_8.0_flat.png,20161209_C01_012.czi_542c0985c7978864e3fe269a5/20161209_C01_012.czi_8.0_flat_proj.png,20161209_C01_012.czi_542c0985c7978864e3fe269a5/20161209_C01_012.czi_8.0.h5,19625.0,0
//allen/aics/assay-dev/MicroscopyData/Caroline/2016/20161209,20161209_C01_012.czi,9,AICS-14_162_9,0.0,Release,/root/aics/modeling/gregj/results/ipp/ipp_17_12_03/20161209_C01_012.czi_542c0985c7978864e3fe269a5/20161209_C01_012.czi_9.0_flat.png,20161209_C01_012.czi_542c0985c7978864e3fe269a5/20161209_C01_012.czi_9.0_flat_proj.png,20161209_C01_012.czi_542c0985c7978864e3fe269a5/20161209_C01_012.czi_9.0.h5,17001.0,0
//allen/aics/assay-dev/MicroscopyData/Caroline/2016/20161209,20161209_C01_013.czi,1,AICS-14_163_1,0.0,Release,/root/aics/modeling/gregj/results/ipp/ipp_17_12_03/20161209_C01_013.czi_ef8a5dadf08c1e632669f1ec3/20161209_C01_013.czi_1.0_flat.png,20161209_C01_013.czi_ef8a5dadf08c1e632669f1ec3/20161209_C01_013.czi_1.0_flat_proj.png,20161209_C01_013.czi_ef8a5dadf08c1e632669f1ec3/20161209_C01_013.czi_1.0.h5,16200.0,0
//allen/aics/assay-dev/MicroscopyData/Caroline/2016/20161209,20161209_C01_013.czi,2,AICS-14_163_2,0.0,Release,/root/aics/modeling/gregj/results/ipp/ipp_17_12_03/20161209_C01_013.czi_ef8a5dadf08c1e632669f1ec3/20161209_C01_013.czi_2.0_flat.png,20161209_C01_013.czi_ef8a5dadf08c1e632669f1ec3/20161209_C01_013.czi_2.0_flat_proj.png,20161209_C01_013.czi_ef8a5dadf08c1e632669f1ec3/20161209_C01_013.czi_2.0.h5,12995.0,0
//allen/aics/assay-dev/MicroscopyData/Caroline/2016/20161209,20161209_C01_013.czi,4,AICS-14_163_4,0.0,Release,/root/aics/modeling/gregj/results/ipp/ipp_17_12_03/20161209_C01_013.czi_ef8a5dadf08c1e632669f1ec3/20161209_C01_013.czi_4.0_flat.png,20161209_C01_013.czi_ef8a5dadf08c1e632669f1ec3/20161209_C01_013.czi_4.0_flat_proj.png,20161209_C01_013.czi_ef8a5dadf08c1e632669f1ec3/20161209_C01_013.czi_4.0.h5,15228.0,0
//allen/aics/assay-dev/MicroscopyData/Caroline/2016/20161209,20161209_C01_013.czi,5,AICS-14_163_5,0.0,Release,/root/aics/modeling/gregj/results/ipp/ipp_17_12_03/20161209_C01_013.czi_ef8a5dadf08c1e632669f1ec3/20161209_C01_013.czi_5.0_flat.png,20161209_C01_013.czi_ef8a5dadf08c1e632669f1ec3/20161209_C01_013.czi_5.0_flat_proj.png,20161209_C01_013.czi_ef8a5dadf08c1e632669f1ec3/20161209_C01_013.czi_5.0.h5,20274.0,0
//allen/aics/assay-dev/MicroscopyData/Caroline/2016/20161209,20161209_C01_013.czi,6,AICS-14_163_6,0.0,Release,/root/aics/modeling/gregj/results/ipp/ipp_17_12_03/20161209_C01_013.czi_ef8a5dadf08c1e632669f1ec3/20161209_C01_013.czi_6.0_flat.png,20161209_C01_013.czi_ef8a5dadf08c1e632669f1ec3/20161209_C01_013.czi_6.0_flat_proj.png,20161209_C01_013.czi_ef8a5dadf08c1e632669f1ec3/20161209_C01_013.czi_6.0.h5,15523.0,0
//allen/aics/assay-dev/MicroscopyData/Caroline/2016/20161209,20161209_C01_013.czi,9,AICS-14_163_9,3.0,Release,/root/aics/modeling/gregj/results/ipp/ipp_17_12_03/20161209_C01_013.czi_ef8a5dadf08c1e632669f1ec3/20161209_C01_013.czi_9.0_flat.png,20161209_C01_013.czi_ef8a5dadf08c1e632669f1ec3/20161209_C01_013.czi_9.0_flat_proj.png,20161209_C01_013.czi_ef8a5dadf08c1e632669f1ec3/20161209_C01_013.czi_9.0.h5,20749.0,3
//allen/aics/assay-dev/MicroscopyData/Caroline/2016/20161209,20161209_C01_013.czi,10,AICS-14_163_10,0.0,Release,/root/aics/modeling/gregj/results/ipp/ipp_17_12_03/20161209_C01_013.czi_ef8a5dadf08c1e632669f1ec3/20161209_C01_013.czi_10.0_flat.png,20161209_C01_013.czi_ef8a5dadf08c1e632669f1ec3/20161209_C01_013.czi_10.0_flat_proj.png,20161209_C01_013.czi_ef8a5dadf08c1e632669f1ec3/20161209_C01_013.czi_10.0.h5,14835.0,0
//allen/aics/assay-dev/MicroscopyData/Caroline/2016/20161209,20161209_C01_014.czi,2,AICS-14_164_2,0.0,Release,/root/aics/modeling/gregj/results/ipp/ipp_17_12_03/20161209_C01_014.czi_b04c13710128e6aeb8b36054d/20161209_C01_014.czi_2.0_flat.png,20161209_C01_014.czi_b04c13710128e6aeb8b36054d/20161209_C01_014.czi_2.0_flat_proj.png,20161209_C01_014.czi_b04c13710128e6aeb8b36054d/20161209_C01_014.czi_2.0.h5,16112.0,0
//allen/aics/assay-dev/MicroscopyData/Caroline/2016/20161209,20161209_C01_014.czi,3,AICS-14_164_3,0.0,Release,/root/aics/modeling/gregj/results/ipp/ipp_17_12_03/20161209_C01_014.czi_b04c13710128e6aeb8b36054d/20161209_C01_014.czi_3.0_flat.png,20161209_C01_014.czi_b04c13710128e6aeb8b36054d/20161209_C01_014.czi_3.0_flat_proj.png,20161209_C01_014.czi_b04c13710128e6aeb8b36054d/20161209_C01_014.czi_3.0.h5,17608.0,0
//allen/aics/assay-dev/MicroscopyData/Caroline/2016/20161209,20161209_C01_014.czi,4,AICS-14_164_4,0.0,Release,/root/aics/modeling/gregj/results/ipp/ipp_17_12_03/20161209_C01_014.czi_b04c13710128e6aeb8b36054d/20161209_C01_014.czi_4.0_flat.png,20161209_C01_014.czi_b04c13710128e6aeb8b36054d/20161209_C01_014.czi_4.0_flat_proj.png,20161209_C01_014.czi_b04c13710128e6aeb8b36054d/20161209_C01_014.czi_4.0.h5,19186.0,0
//allen/aics/assay-dev/MicroscopyData/Caroline/2016/20161209,20161209_C01_014.czi,5,AICS-14_164_5,0.0,Release,/root/aics/modeling/gregj/results/ipp/ipp_17_12_03/20161209_C01_014.czi_b04c13710128e6aeb8b36054d/20161209_C01_014.czi_5.0_flat.png,20161209_C01_014.czi_b04c13710128e6aeb8b36054d/20161209_C01_014.czi_5.0_flat_proj.png,20161209_C01_014.czi_b04c13710128e6aeb8b36054d/20161209_C01_014.czi_5.0.h5,16061.0,0
//allen/aics/assay-dev/MicroscopyData/Caroline/2016/20161209,20161209_C01_014.czi,6,AICS-14_164_6,0.0,Release,/root/aics/modeling/gregj/results/ipp/ipp_17_12_03/20161209_C01_014.czi_b04c13710128e6aeb8b36054d/20161209_C01_014.czi_6.0_flat.png,20161209_C01_014.czi_b04c13710128e6aeb8b36054d/20161209_C01_014.czi_6.0_flat_proj.png,20161209_C01_014.czi_b04c13710128e6aeb8b36054d/20161209_C01_014.czi_6.0.h5,17806.0,0
//allen/aics/assay-dev/MicroscopyData/Caroline/2016/20161209,20161209_C01_014.czi,7,AICS-14_164_7,0.0,Release,/root/aics/modeling/gregj/results/ipp/ipp_17_12_03/20161209_C01_014.czi_b04c13710128e6aeb8b36054d/20161209_C01_014.czi_7.0_flat.png,20161209_C01_014.czi_b04c13710128e6aeb8b36054d/20161209_C01_014.czi_7.0_flat_proj.png,20161209_C01_014.czi_b04c13710128e6aeb8b36054d/20161209_C01_014.czi_7.0.h5,15526.0,0
//allen/aics/assay-dev/MicroscopyData/Caroline/2016/20161209,20161209_C01_014.czi,8,AICS-14_164_8,0.0,Release,/root/aics/modeling/gregj/results/ipp/ipp_17_12_03/20161209_C01_014.czi_b04c13710128e6aeb8b36054d/20161209_C01_014.czi_8.0_flat.png,20161209_C01_014.czi_b04c13710128e6aeb8b36054d/20161209_C01_014.czi_8.0_flat_proj.png,20161209_C01_014.czi_b04c13710128e6aeb8b36054d/20161209_C01_014.czi_8.0.h5,17827.0,0
//allen/aics/assay-dev/MicroscopyData/Caroline/2016/20161209,20161209_C01_014.czi,10,AICS-14_164_10,0.0,Release,/root/aics/modeling/gregj/results/ipp/ipp_17_12_03/20161209_C01_014.czi_b04c13710128e6aeb8b36054d/20161209_C01_014.czi_10.0_flat.png,20161209_C01_014.czi_b04c13710128e6aeb8b36054d/20161209_C01_014.czi_10.0_flat_proj.png,20161209_C01_014.czi_b04c13710128e6aeb8b36054d/20161209_C01_014.czi_10.0.h5,16333.0,0
//allen/aics/assay-dev/MicroscopyData/Caroline/2016/20161209,20161209_C01_014.czi,11,AICS-14_164_11,0.0,Release,/root/aics/modeling/gregj/results/ipp/ipp_17_12_03/20161209_C01_014.czi_b04c13710128e6aeb8b36054d/20161209_C01_014.czi_11.0_flat.png,20161209_C01_014.czi_b04c13710128e6aeb8b36054d/20161209_C01_014.czi_11.0_flat_proj.png,20161209_C01_014.czi_b04c13710128e6aeb8b36054d/20161209_C01_014.czi_11.0.h5,16176.0,0
//allen/aics/assay-dev/MicroscopyData/Caroline/2016/20161209,20161209_C01_015.czi,1,AICS-14_165_1,0.0,Release,/root/aics/modeling/gregj/results/ipp/ipp_17_12_03/20161209_C01_015.czi_e6de61f982ca6670a1e3f5e42/20161209_C01_015.czi_1.0_flat.png,20161209_C01_015.czi_e6de61f982ca6670a1e3f5e42/20161209_C01_015.czi_1.0_flat_proj.png,20161209_C01_015.czi_e6de61f982ca6670a1e3f5e42/20161209_C01_015.czi_1.0.h5,16940.0,0
//allen/aics/assay-dev/MicroscopyData/Caroline/2016/20161209,20161209_C01_015.czi,3,AICS-14_165_3,0.0,Release,/root/aics/modeling/gregj/results/ipp/ipp_17_12_03/20161209_C01_015.czi_e6de61f982ca6670a1e3f5e42/20161209_C01_015.czi_3.0_flat.png,20161209_C01_015.czi_e6de61f982ca6670a1e3f5e42/20161209_C01_015.czi_3.0_flat_proj.png,20161209_C01_015.czi_e6de61f982ca6670a1e3f5e42/20161209_C01_015.czi_3.0.h5,13306.0,0
//allen/aics/assay-dev/MicroscopyData/Caroline/2016/20161209,20161209_C01_015.czi,4,AICS-14_165_4,0.0,Release,/root/aics/modeling/gregj/results/ipp/ipp_17_12_03/20161209_C01_015.czi_e6de61f982ca6670a1e3f5e42/20161209_C01_015.czi_4.0_flat.png,20161209_C01_015.czi_e6de61f982ca6670a1e3f5e42/20161209_C01_015.czi_4.0_flat_proj.png,20161209_C01_015.czi_e6de61f982ca6670a1e3f5e42/20161209_C01_015.czi_4.0.h5,21334.0,0
//allen/aics/assay-dev/MicroscopyData/Caroline/2016/20161209,20161209_C01_015.czi,5,AICS-14_165_5,0.0,Release,/root/aics/modeling/gregj/results/ipp/ipp_17_12_03/20161209_C01_015.czi_e6de61f982ca6670a1e3f5e42/20161209_C01_015.czi_5.0_flat.png,20161209_C01_015.czi_e6de61f982ca6670a1e3f5e42/20161209_C01_015.czi_5.0_flat_proj.png,20161209_C01_015.czi_e6de61f982ca6670a1e3f5e42/20161209_C01_015.czi_5.0.h5,16367.0,0
//allen/aics/assay-dev/MicroscopyData/Caroline/2016/20161209,20161209_C01_015.czi,8,AICS-14_165_8,0.0,Release,/root/aics/modeling/gregj/results/ipp/ipp_17_12_03/20161209_C01_015.czi_e6de61f982ca6670a1e3f5e42/20161209_C01_015.czi_8.0_flat.png,20161209_C01_015.czi_e6de61f982ca6670a1e3f5e42/20161209_C01_015.czi_8.0_flat_proj.png,20161209_C01_015.czi_e6de61f982ca6670a1e3f5e42/20161209_C01_015.czi_8.0.h5,17161.0,0
//allen/aics/assay-dev/MicroscopyData/Caroline/2016/20161209,20161209_C01_015.czi,10,AICS-14_165_10,0.0,Release,/root/aics/modeling/gregj/results/ipp/ipp_17_12_03/20161209_C01_015.czi_e6de61f982ca6670a1e3f5e42/20161209_C01_015.czi_10.0_flat.png,20161209_C01_015.czi_e6de61f982ca6670a1e3f5e42/20161209_C01_015.czi_10.0_flat_proj.png,20161209_C01_015.czi_e6de61f982ca6670a1e3f5e42/20161209_C01_015.czi_10.0.h5,19039.0,0
//allen/aics/assay-dev/MicroscopyData/Caroline/2016/20161209,20161209_C01_015.czi,11,AICS-14_165_11,0.0,Release,/root/aics/modeling/gregj/results/ipp/ipp_17_12_03/20161209_C01_015.czi_e6de61f982ca6670a1e3f5e42/20161209_C01_015.czi_11.0_flat.png,20161209_C01_015.czi_e6de61f982ca6670a1e3f5e42/20161209_C01_015.czi_11.0_flat_proj.png,20161209_C01_015.czi_e6de61f982ca6670a1e3f5e42/20161209_C01_015.czi_11.0.h5,16872.0,0
//allen/aics/assay-dev/MicroscopyData/Caroline/2016/20161209,20161209_C01_015.czi,13,AICS-14_165_13,0.0,Release,/root/aics/modeling/gregj/results/ipp/ipp_17_12_03/20161209_C01_015.czi_e6de61f982ca6670a1e3f5e42/20161209_C01_015.czi_13.0_flat.png,20161209_C01_015.czi_e6de61f982ca6670a1e3f5e42/20161209_C01_015.czi_13.0_flat_proj.png,20161209_C01_015.czi_e6de61f982ca6670a1e3f5e42/20161209_C01_015.czi_13.0.h5,19117.0,0
//allen/aics/assay-dev/MicroscopyData/Caroline/2016/20161209,20161209_C01_015.czi,14,AICS-14_165_14,0.0,Release,/root/aics/modeling/gregj/results/ipp/ipp_17_12_03/20161209_C01_015.czi_e6de61f982ca6670a1e3f5e42/20161209_C01_015.czi_14.0_flat.png,20161209_C01_015.czi_e6de61f982ca6670a1e3f5e42/20161209_C01_015.czi_14.0_flat_proj.png,20161209_C01_015.czi_e6de61f982ca6670a1e3f5e42/20161209_C01_015.czi_14.0.h5,16253.0,0
//allen/aics/assay-dev/MicroscopyData/Caroline/2016/20161209,20161209_C01_016.czi,1,AICS-14_166_1,0.0,Release,/root/aics/modeling/gregj/results/ipp/ipp_17_12_03/20161209_C01_016.czi_e1cd7aaa73bfc5a84acc0fdf9/20161209_C01_016.czi_1.0_flat.png,20161209_C01_016.czi_e1cd7aaa73bfc5a84acc0fdf9/20161209_C01_016.czi_1.0_flat_proj.png,20161209_C01_016.czi_e1cd7aaa73bfc5a84acc0fdf9/20161209_C01_016.czi_1.0.h5,14012.0,0
//allen/aics/assay-dev/MicroscopyData/Caroline/2016/20161209,20161209_C01_016.czi,4,AICS-14_166_4,0.0,Release,/root/aics/modeling/gregj/results/ipp/ipp_17_12_03/20161209_C01_016.czi_e1cd7aaa73bfc5a84acc0fdf9/20161209_C01_016.czi_4.0_flat.png,20161209_C01_016.czi_e1cd7aaa73bfc5a84acc0fdf9/20161209_C01_016.czi_4.0_flat_proj.png,20161209_C01_016.czi_e1cd7aaa73bfc5a84acc0fdf9/20161209_C01_016.czi_4.0.h5,15654.0,0
//allen/aics/assay-dev/MicroscopyData/Caroline/2016/20161209,20161209_C01_016.czi,7,AICS-14_166_7,0.0,Release,/root/aics/modeling/gregj/results/ipp/ipp_17_12_03/20161209_C01_016.czi_e1cd7aaa73bfc5a84acc0fdf9/20161209_C01_016.czi_7.0_flat.png,20161209_C01_016.czi_e1cd7aaa73bfc5a84acc0fdf9/20161209_C01_016.czi_7.0_flat_proj.png,20161209_C01_016.czi_e1cd7aaa73bfc5a84acc0fdf9/20161209_C01_016.czi_7.0.h5,20693.0,0
//allen/aics/assay-dev/MicroscopyData/Caroline/2016/20161209,20161209_C01_016.czi,9,AICS-14_166_9,0.0,Release,/root/aics/modeling/gregj/results/ipp/ipp_17_12_03/20161209_C01_016.czi_e1cd7aaa73bfc5a84acc0fdf9/20161209_C01_016.czi_9.0_flat.png,20161209_C01_016.czi_e1cd7aaa73bfc5a84acc0fdf9/20161209_C01_016.czi_9.0_flat_proj.png,20161209_C01_016.czi_e1cd7aaa73bfc5a84acc0fdf9/20161209_C01_016.czi_9.0.h5,14503.0,0
//allen/aics/assay-dev/MicroscopyData/Caroline/2016/20161209,20161209_C01_016.czi,10,AICS-14_166_10,0.0,Release,/root/aics/modeling/gregj/results/ipp/ipp_17_12_03/20161209_C01_016.czi_e1cd7aaa73bfc5a84acc0fdf9/20161209_C01_016.czi_10.0_flat.png,20161209_C01_016.czi_e1cd7aaa73bfc5a84acc0fdf9/20161209_C01_016.czi_10.0_flat_proj.png,20161209_C01_016.czi_e1cd7aaa73bfc5a84acc0fdf9/20161209_C01_016.czi_10.0.h5,18809.0,0
//allen/aics/assay-dev/MicroscopyData/Caroline/2016/20161209,20161209_C01_016.czi,12,AICS-14_166_12,0.0,Release,/root/aics/modeling/gregj/results/ipp/ipp_17_12_03/20161209_C01_016.czi_e1cd7aaa73bfc5a84acc0fdf9/20161209_C01_016.czi_12.0_flat.png,20161209_C01_016.czi_e1cd7aaa73bfc5a84acc0fdf9/20161209_C01_016.czi_12.0_flat_proj.png,20161209_C01_016.czi_e1cd7aaa73bfc5a84acc0fdf9/20161209_C01_016.czi_12.0.h5,16010.0,0
//allen/aics/assay-dev/MicroscopyData/Caroline/2016/20161209,20161209_C01_017.czi,2,AICS-14_167_2,0.0,Release,/root/aics/modeling/gregj/results/ipp/ipp_17_12_03/20161209_C01_017.czi_ba2e7e6570d15437d41013942/20161209_C01_017.czi_2.0_flat.png,20161209_C01_017.czi_ba2e7e6570d15437d41013942/20161209_C01_017.czi_2.0_flat_proj.png,20161209_C01_017.czi_ba2e7e6570d15437d41013942/20161209_C01_017.czi_2.0.h5,13531.0,0
//allen/aics/assay-dev/MicroscopyData/Caroline/2016/20161209,20161209_C01_017.czi,3,AICS-14_167_3,0.0,Release,/root/aics/modeling/gregj/results/ipp/ipp_17_12_03/20161209_C01_017.czi_ba2e7e6570d15437d41013942/20161209_C01_017.czi_3.0_flat.png,20161209_C01_017.czi_ba2e7e6570d15437d41013942/20161209_C01_017.czi_3.0_flat_proj.png,20161209_C01_017.czi_ba2e7e6570d15437d41013942/20161209_C01_017.czi_3.0.h5,13211.0,0
//allen/aics/assay-dev/MicroscopyData/Caroline/2016/20161209,20161209_C01_017.czi,4,AICS-14_167_4,0.0,Release,/root/aics/modeling/gregj/results/ipp/ipp_17_12_03/20161209_C01_017.czi_ba2e7e6570d15437d41013942/20161209_C01_017.czi_4.0_flat.png,20161209_C01_017.czi_ba2e7e6570d15437d41013942/20161209_C01_017.czi_4.0_flat_proj.png,20161209_C01_017.czi_ba2e7e6570d15437d41013942/20161209_C01_017.czi_4.0.h5,13878.0,0
//allen/aics/assay-dev/MicroscopyData/Caroline/2016/20161209,20161209_C01_017.czi,5,AICS-14_167_5,0.0,Release,/root/aics/modeling/gregj/results/ipp/ipp_17_12_03/20161209_C01_017.czi_ba2e7e6570d15437d41013942/20161209_C01_017.czi_5.0_flat.png,20161209_C01_017.czi_ba2e7e6570d15437d41013942/20161209_C01_017.czi_5.0_flat_proj.png,20161209_C01_017.czi_ba2e7e6570d15437d41013942/20161209_C01_017.czi_5.0.h5,18945.0,0
//allen/aics/assay-dev/MicroscopyData/Caroline/2016/20161209,20161209_C01_017.czi,7,AICS-14_167_7,2.0,Release,/root/aics/modeling/gregj/results/ipp/ipp_17_12_03/20161209_C01_017.czi_ba2e7e6570d15437d41013942/20161209_C01_017.czi_7.0_flat.png,20161209_C01_017.czi_ba2e7e6570d15437d41013942/20161209_C01_017.czi_7.0_flat_proj.png,20161209_C01_017.czi_ba2e7e6570d15437d41013942/20161209_C01_017.czi_7.0.h5,19766.0,2
//allen/aics/assay-dev/MicroscopyData/Caroline/2016/20161209,20161209_C01_017.czi,8,AICS-14_167_8,0.0,Release,/root/aics/modeling/gregj/results/ipp/ipp_17_12_03/20161209_C01_017.czi_ba2e7e6570d15437d41013942/20161209_C01_017.czi_8.0_flat.png,20161209_C01_017.czi_ba2e7e6570d15437d41013942/20161209_C01_017.czi_8.0_flat_proj.png,20161209_C01_017.czi_ba2e7e6570d15437d41013942/20161209_C01_017.czi_8.0.h5,16946.0,0
//allen/aics/assay-dev/MicroscopyData/Caroline/2016/20161209,20161209_C01_017.czi,9,AICS-14_167_9,0.0,Release,/root/aics/modeling/gregj/results/ipp/ipp_17_12_03/20161209_C01_017.czi_ba2e7e6570d15437d41013942/20161209_C01_017.czi_9.0_flat.png,20161209_C01_017.czi_ba2e7e6570d15437d41013942/20161209_C01_017.czi_9.0_flat_proj.png,20161209_C01_017.czi_ba2e7e6570d15437d41013942/20161209_C01_017.czi_9.0.h5,19170.0,0
//allen/aics/assay-dev/MicroscopyData/Caroline/2016/20161209,20161209_C01_017.czi,11,AICS-14_167_11,0.0,Release,/root/aics/modeling/gregj/results/ipp/ipp_17_12_03/20161209_C01_017.czi_ba2e7e6570d15437d41013942/20161209_C01_017.czi_11.0_flat.png,20161209_C01_017.czi_ba2e7e6570d15437d41013942/20161209_C01_017.czi_11.0_flat_proj.png,20161209_C01_017.czi_ba2e7e6570d15437d41013942/20161209_C01_017.czi_11.0.h5,15535.0,0
//allen/aics/assay-dev/MicroscopyData/Caroline/2016/20161209,20161209_C01_018.czi,4,AICS-14_168_4,0.0,Release,/root/aics/modeling/gregj/results/ipp/ipp_17_12_03/20161209_C01_018.czi_39ed84da7fb5e408aeeda2827/20161209_C01_018.czi_4.0_flat.png,20161209_C01_018.czi_39ed84da7fb5e408aeeda2827/20161209_C01_018.czi_4.0_flat_proj.png,20161209_C01_018.czi_39ed84da7fb5e408aeeda2827/20161209_C01_018.czi_4.0.h5,17265.0,0
//allen/aics/assay-dev/MicroscopyData/Caroline/2016/20161209,20161209_C01_018.czi,7,AICS-14_168_7,0.0,Release,/root/aics/modeling/gregj/results/ipp/ipp_17_12_03/20161209_C01_018.czi_39ed84da7fb5e408aeeda2827/20161209_C01_018.czi_7.0_flat.png,20161209_C01_018.czi_39ed84da7fb5e408aeeda2827/20161209_C01_018.czi_7.0_flat_proj.png,20161209_C01_018.czi_39ed84da7fb5e408aeeda2827/20161209_C01_018.czi_7.0.h5,16319.0,0
//allen/aics/assay-dev/MicroscopyData/Caroline/2016/20161209,20161209_C01_019.czi,2,AICS-14_169_2,0.0,Release,/root/aics/modeling/gregj/results/ipp/ipp_17_12_03/20161209_C01_019.czi_418d9d779e3797a419abf33d6/20161209_C01_019.czi_2.0_flat.png,20161209_C01_019.czi_418d9d779e3797a419abf33d6/20161209_C01_019.czi_2.0_flat_proj.png,20161209_C01_019.czi_418d9d779e3797a419abf33d6/20161209_C01_019.czi_2.0.h5,16647.0,0
//allen/aics/assay-dev/MicroscopyData/Caroline/2016/20161209,20161209_C01_019.czi,4,AICS-14_169_4,0.0,Release,/root/aics/modeling/gregj/results/ipp/ipp_17_12_03/20161209_C01_019.czi_418d9d779e3797a419abf33d6/20161209_C01_019.czi_4.0_flat.png,20161209_C01_019.czi_418d9d779e3797a419abf33d6/20161209_C01_019.czi_4.0_flat_proj.png,20161209_C01_019.czi_418d9d779e3797a419abf33d6/20161209_C01_019.czi_4.0.h5,17685.0,0
//allen/aics/assay-dev/MicroscopyData/Caroline/2016/20161209,20161209_C01_019.czi,7,AICS-14_169_7,0.0,Release,/root/aics/modeling/gregj/results/ipp/ipp_17_12_03/20161209_C01_019.czi_418d9d779e3797a419abf33d6/20161209_C01_019.czi_7.0_flat.png,20161209_C01_019.czi_418d9d779e3797a419abf33d6/20161209_C01_019.czi_7.0_flat_proj.png,20161209_C01_019.czi_418d9d779e3797a419abf33d6/20161209_C01_019.czi_7.0.h5,18920.0,0
//allen/aics/assay-dev/MicroscopyData/Caroline/2016/20161209,20161209_C01_020.czi,2,AICS-14_170_2,0.0,Release,/root/aics/modeling/gregj/results/ipp/ipp_17_12_03/20161209_C01_020.czi_dd60ec9321642f4ce99140db2/20161209_C01_020.czi_2.0_flat.png,20161209_C01_020.czi_dd60ec9321642f4ce99140db2/20161209_C01_020.czi_2.0_flat_proj.png,20161209_C01_020.czi_dd60ec9321642f4ce99140db2/20161209_C01_020.czi_2.0.h5,13729.0,0
//allen/aics/assay-dev/MicroscopyData/Caroline/2016/20161209,20161209_C01_020.czi,3,AICS-14_170_3,0.0,Release,/root/aics/modeling/gregj/results/ipp/ipp_17_12_03/20161209_C01_020.czi_dd60ec9321642f4ce99140db2/20161209_C01_020.czi_3.0_flat.png,20161209_C01_020.czi_dd60ec9321642f4ce99140db2/20161209_C01_020.czi_3.0_flat_proj.png,20161209_C01_020.czi_dd60ec9321642f4ce99140db2/20161209_C01_020.czi_3.0.h5,17849.0,0
//allen/aics/assay-dev/MicroscopyData/Caroline/2016/20161209,20161209_C01_020.czi,6,AICS-14_170_6,0.0,Release,/root/aics/modeling/gregj/results/ipp/ipp_17_12_03/20161209_C01_020.czi_dd60ec9321642f4ce99140db2/20161209_C01_020.czi_6.0_flat.png,20161209_C01_020.czi_dd60ec9321642f4ce99140db2/20161209_C01_020.czi_6.0_flat_proj.png,20161209_C01_020.czi_dd60ec9321642f4ce99140db2/20161209_C01_020.czi_6.0.h5,17320.0,0
